{"t": -4.00439453125, "i": 3.0239615440368652, "2": -42.95415496826172, " ": -1.77034330368042, "%": -76.38209533691406, "5": -75.89950561523438, "_": -82.47457122802734, "g": -8.566558837890625, "e": 4.504582405090332, "m": -4.3505473136901855, "#": -119.36601257324219, "&": -92.54961395263672, "$": -77.55641174316406, "u": -4.553547382354736, ";": -84.24079132080078, "0": -36.4482307434082, "l": -1.1555075645446777, ")": -41.76976776123047, "4": -13.372881889343262, "*": -114.36935424804688, "7": -81.30377960205078, "z": -16.036865234375, "j": -20.465463638305664, "+": -96.35972595214844, ".": -2.9090654850006104, "!": -0.5195603966712952, "p": -7.6251325607299805, "{": -81.80155181884766, "8": -21.658170700073242, "?": -5.677852630615234, "}": -57.56306076049805, ":": -15.495031356811523, "y": 6.8311543464660645, "v": -12.487542152404785, "n": -0.5805804133415222, "]": -8.967724800109863, "k": -5.168832778930664, "-": -5.387960433959961, "q": -22.179214477539062, "b": -5.918375492095947, "h": -2.7201054096221924, "(": -89.00685119628906, "/": -41.78154754638672, "r": -4.213056564331055, "\"": -8.464391708374023, "d": -5.134277820587158, "o": -1.6404653787612915, "[": -17.016067504882812, "6": -84.57658386230469, "w": -7.452488422393799, "a": 0.9033529162406921, "s": -2.359466791152954, "f": -9.984375, ",": -3.8461732864379883, "x": -90.68604278564453, "c": -3.4377827644348145, "1": -32.50813293457031, "\n": -5.461757659912109, "3": -53.72672653198242, "'": -9.453981399536133, "9": -71.21009063720703, "~": -39.942169189453125, "`": -39.33613586425781}