{"t": -5.368834495544434, "i": 4.308769226074219, "2": -26.261564254760742, " ": -0.7676166892051697, "%": -87.5601806640625, "5": -52.30281066894531, "_": -64.32149505615234, "g": -4.067343235015869, "e": 5.954545497894287, "m": -1.8482859134674072, "#": -82.06865692138672, "&": -69.78313446044922, "$": -75.69705963134766, "u": -1.6855344772338867, ";": -38.40108871459961, "0": -19.67935562133789, "l": -3.2479405403137207, ")": -30.044485092163086, "4": -17.35840606689453, "*": -77.27156066894531, "7": -83.1539306640625, "z": -8.020151138305664, "j": -10.322906494140625, "+": -92.0128173828125, ".": -2.2464349269866943, "!": -2.575496196746826, "p": -5.965560436248779, "{": -57.905723571777344, "8": -19.742076873779297, "?": -4.889267921447754, "}": -46.08221435546875, ":": -8.879888534545898, "y": 7.423473358154297, "v": -8.191496849060059, "n": 1.3264884948730469, "]": -5.954909324645996, "k": -7.26842737197876, "-": -4.1396284103393555, "q": -21.748016357421875, "b": -5.942081451416016, "h": -3.2114996910095215, "(": -53.29436111450195, "/": -17.56662368774414, "r": 1.91105055809021, "\"": -7.072732448577881, "d": -2.6900343894958496, "o": 1.0239582061767578, "[": -16.462343215942383, "6": -78.16586303710938, "w": -4.038594722747803, "a": 1.400684118270874, "s": -1.535788893699646, "f": -7.682674884796143, ",": -2.645587921142578, "x": -93.77322387695312, "c": -3.624687671661377, "1": -21.717437744140625, "\n": -6.4362406730651855, "3": -31.351539611816406, "'": -3.14406156539917, "9": -65.01599884033203, "~": -44.281307220458984, "`": -43.140560150146484}