{"t": -5.236656665802002, "i": 4.366256237030029, "2": -25.917882919311523, " ": -0.8419461250305176, "%": -85.90333557128906, "5": -46.63898468017578, "_": -66.70718383789062, "g": -3.5894017219543457, "e": 5.460239410400391, "m": -1.5345890522003174, "#": -82.18717193603516, "&": -71.03714752197266, "$": -73.02413940429688, "u": -1.3227097988128662, ";": -31.912494659423828, "0": -17.886974334716797, "l": -3.637383460998535, ")": -26.53352928161621, "4": -14.656370162963867, "*": -71.57156372070312, "7": -73.66343688964844, "z": -7.803196907043457, "j": -10.0306978225708, "+": -94.93450927734375, ".": -2.1022777557373047, "!": -2.8355300426483154, "p": -5.402582168579102, "{": -58.353023529052734, "8": -19.44989776611328, "?": -5.134470462799072, "}": -50.237613677978516, ":": -9.374908447265625, "y": 7.984262943267822, "v": -8.03305435180664, "n": 1.5392755270004272, "]": -5.657371520996094, "k": -6.5961079597473145, "-": -4.174247741699219, "q": -21.375139236450195, "b": -5.711960315704346, "h": -3.0679638385772705, "(": -50.015655517578125, "/": -13.903715133666992, "r": 2.149503231048584, "\"": -6.766558647155762, "d": -1.781408429145813, "o": 1.3777159452438354, "[": -16.202308654785156, "6": -69.53492736816406, "w": -2.964754581451416, "a": 1.397137999534607, "s": -0.791476845741272, "f": -7.017175674438477, ",": -2.468538761138916, "x": -84.76354217529297, "c": -3.7431046962738037, "1": -20.817096710205078, "\n": -6.914092540740967, "3": -30.179182052612305, "'": -2.090116024017334, "9": -57.39719772338867, "~": -45.2171630859375, "`": -44.35798645019531}