{"t": -3.7396039962768555, "i": 3.162788152694702, "2": -21.52247428894043, " ": 1.1448712348937988, "%": -66.84385681152344, "5": -30.346948623657227, "_": -41.67279052734375, "g": -2.9509854316711426, "e": 4.09528112411499, "m": -0.6840071082115173, "#": -48.65841293334961, "&": -38.92695236206055, "$": -56.242496490478516, "u": 0.01841582916676998, ";": -12.869062423706055, "0": -13.239025115966797, "l": -1.8944714069366455, ")": -11.971114158630371, "4": -9.591153144836426, "*": -38.82634735107422, "7": -46.502662658691406, "z": -5.440086841583252, "j": -6.503523826599121, "+": -60.95933151245117, ".": -0.7297074794769287, "!": -1.9606943130493164, "p": -4.365568161010742, "{": -35.21940994262695, "8": -12.474827766418457, "?": -3.0944573879241943, "}": -33.3963508605957, ":": -5.329191207885742, "y": 8.894465446472168, "v": -5.710969924926758, "n": 0.6739276647567749, "]": -3.306838035583496, "k": -4.360292434692383, "-": -2.4190521240234375, "q": -15.88185977935791, "b": -3.270650863647461, "h": -3.5994889736175537, "(": -25.883480072021484, "/": -7.151309013366699, "r": 3.7572295665740967, "\"": -4.088388919830322, "d": -0.5992963314056396, "o": 1.773441195487976, "[": -10.797933578491211, "6": -39.23671340942383, "w": -0.5811161398887634, "a": 2.1700987815856934, "s": 0.8878557085990906, "f": -5.013108253479004, ",": -1.9479421377182007, "x": -38.399723052978516, "c": -3.2361035346984863, "1": -17.132482528686523, "\n": -4.264965057373047, "3": -17.538042068481445, "'": -1.1606743335723877, "9": -35.24858856201172, "~": -34.6797981262207, "`": -33.12052917480469}