{"t": -3.9192962646484375, "i": 4.150154113769531, "2": -16.36477279663086, " ": 2.16888689994812, "%": -53.428016662597656, "5": -25.25783920288086, "_": -26.591285705566406, "g": -4.113025665283203, "e": 4.640774250030518, "m": -0.2238277941942215, "#": -34.9377326965332, "&": -16.510555267333984, "$": -44.18752670288086, "u": 1.2657009363174438, ";": -7.60418176651001, "0": -12.10053539276123, "l": -0.8674228191375732, ")": -9.307191848754883, "4": -8.94202709197998, "*": -27.055034637451172, "7": -36.12398910522461, "z": -4.833268642425537, "j": -6.028624057769775, "+": -34.47633743286133, ".": 0.18550725281238556, "!": -1.4236869812011719, "p": -3.277867317199707, "{": -27.20726203918457, "8": -12.191278457641602, "?": -1.4649525880813599, "}": -26.37019157409668, ":": -4.014937877655029, "y": 8.500027656555176, "v": -5.521571636199951, "n": 1.2598657608032227, "]": -1.859134316444397, "k": -4.222381591796875, "-": -1.4979827404022217, "q": -13.615413665771484, "b": -3.06496524810791, "h": -3.1573545932769775, "(": -14.565901756286621, "/": -6.226766109466553, "r": 3.663391351699829, "\"": -2.7334113121032715, "d": -1.4942545890808105, "o": 2.2572076320648193, "[": -11.443092346191406, "6": -29.97279930114746, "w": -1.3963723182678223, "a": 2.70310640335083, "s": 1.8165605068206787, "f": -4.222826957702637, ",": -0.5646265745162964, "x": -26.177011489868164, "c": -2.6593735218048096, "1": -15.229344367980957, "\n": -2.912670850753784, "3": -17.342010498046875, "'": -2.2757270336151123, "9": -25.93324851989746, "~": -31.817995071411133, "`": -29.798707962036133}