{"t": -0.006845045834779739, "i": -0.03659019619226456, "2": 0.03180252015590668, " ": -0.02593209221959114, "%": -0.038938045501708984, "5": 0.021246815100312233, "_": 0.03887582942843437, "g": 0.052941951900720596, "e": -0.037659477442502975, "m": 0.029970116913318634, "#": -0.015468105673789978, "&": 0.0037500103935599327, "$": 0.02458277717232704, "u": 0.05184182897210121, ";": -0.036839310079813004, "0": -0.01267863716930151, "l": -0.040400780737400055, ")": -0.043023400008678436, "4": -0.02294362336397171, "*": 0.04114844650030136, "7": 0.00017947284504771233, "z": -0.009318425320088863, "j": 0.045646797865629196, "+": -0.02950155921280384, ".": -0.061398278921842575, "!": -0.012757738120853901, "p": -0.046497952193021774, "{": -0.048804547637701035, "8": 0.04967886582016945, "?": -0.01963750645518303, "}": -0.007068975828588009, ":": -0.006315197795629501, "y": 0.00411217613145709, "v": 0.017600003629922867, "n": -0.038374658674001694, "]": 0.003536588279530406, "k": 0.01429585088044405, "-": -0.0025507782120257616, "q": 0.004912856966257095, "b": 0.01395479030907154, "h": -0.02576783113181591, "(": -0.03161095827817917, "/": -0.027487801387906075, "r": -0.013724496588110924, "\"": -0.010681144893169403, "d": 0.02419828251004219, "o": -0.031247012317180634, "[": -0.019933411851525307, "6": -0.032112978398799896, "w": -0.016225803643465042, "a": 0.0015950164524838328, "s": 0.0284704752266407, "f": 0.0057880571112036705, ",": 0.027306606993079185, "x": 0.04498812556266785, "c": 0.002957060234621167, "1": 0.02316419966518879, "\n": 0.02858548052608967, "3": 0.034964077174663544, "'": 0.006759270094335079, "9": -0.0023108641617000103, "~": -0.03161339834332466, "`": -0.00348302093334496}