{"t": -5.934804916381836, "i": 3.986708164215088, "2": -38.23277282714844, " ": -1.9956879615783691, "%": -87.30078887939453, "5": -64.58636474609375, "_": -70.65361022949219, "g": -6.50815486907959, "e": 5.106647968292236, "m": -2.500114679336548, "#": -112.75772857666016, "&": -86.64923858642578, "$": -91.29414367675781, "u": -3.819711923599243, ";": -66.23322296142578, "0": -24.906579971313477, "l": -1.6983448266983032, ")": -37.43135452270508, "4": -18.539268493652344, "*": -103.98259735107422, "7": -91.2284164428711, "z": -13.010812759399414, "j": -17.264020919799805, "+": -97.69659423828125, ".": -2.8788902759552, "!": -1.1725306510925293, "p": -6.438908100128174, "{": -74.90162658691406, "8": -17.660064697265625, "?": -6.082620620727539, "}": -58.50461959838867, ":": -14.666677474975586, "y": 7.112918376922607, "v": -10.720526695251465, "n": 1.2311744689941406, "]": -8.11046314239502, "k": -7.872635364532471, "-": -4.417415618896484, "q": -27.609954833984375, "b": -7.9241623878479, "h": -2.828176259994507, "(": -76.08596801757812, "/": -28.830204010009766, "r": -0.7023130655288696, "\"": -10.646844863891602, "d": -4.4289960861206055, "o": -0.22336366772651672, "[": -26.964679718017578, "6": -96.37118530273438, "w": -6.985372543334961, "a": 0.6629818677902222, "s": -2.5627410411834717, "f": -10.000511169433594, ",": -3.2509772777557373, "x": -103.72645568847656, "c": -3.8343663215637207, "1": -25.81107521057129, "\n": -8.460946083068848, "3": -44.5718879699707, "'": -5.63787841796875, "9": -73.74315643310547, "~": -47.02069091796875, "`": -45.87949752807617}