{"t": -4.134725093841553, "i": 4.568065643310547, "2": -13.614579200744629, " ": 3.5083301067352295, "%": -41.29045867919922, "5": -20.645185470581055, "_": -22.787935256958008, "g": -3.9709291458129883, "e": 4.719199180603027, "m": 0.12413842976093292, "#": -29.230546951293945, "&": -13.680414199829102, "$": -34.4632453918457, "u": 1.6131712198257446, ";": -5.168054580688477, "0": -10.866076469421387, "l": -0.5685819387435913, ")": -7.434711933135986, "4": -9.115069389343262, "*": -22.702001571655273, "7": -27.44111442565918, "z": -4.071134567260742, "j": -5.102548122406006, "+": -23.7416934967041, ".": 0.7049944996833801, "!": -0.5350704789161682, "p": -2.7731077671051025, "{": -25.691171646118164, "8": -11.220376968383789, "?": -0.19538180530071259, "}": -22.922685623168945, ":": -2.3843095302581787, "y": 7.88809061050415, "v": -5.412576198577881, "n": 0.8419612050056458, "]": -0.8590523600578308, "k": -3.1346609592437744, "-": -0.5304427742958069, "q": -12.674871444702148, "b": -3.1723787784576416, "h": -2.229802131652832, "(": -13.315926551818848, "/": -6.971677780151367, "r": 3.6945347785949707, "\"": -2.1269402503967285, "d": -1.6174774169921875, "o": 2.193594455718994, "[": -8.620104789733887, "6": -24.714868545532227, "w": -2.092118740081787, "a": 3.0429205894470215, "s": 2.0196316242218018, "f": -5.024755954742432, ",": 0.18554049730300903, "x": -23.201169967651367, "c": -2.3625175952911377, "1": -14.767169952392578, "\n": -1.3842042684555054, "3": -16.502119064331055, "'": -2.627714157104492, "9": -21.453838348388672, "~": -29.501012802124023, "`": -27.62613868713379}