{"t": -2.650672674179077, "i": 4.600170135498047, "2": -8.10659122467041, " ": 3.073850393295288, "%": -19.18406867980957, "5": -10.269317626953125, "_": -12.174138069152832, "g": -1.0371760129928589, "e": 4.976240634918213, "m": -0.5636256337165833, "#": -17.012393951416016, "&": -7.642772197723389, "$": -16.534791946411133, "u": 1.548631191253662, ";": -5.445175647735596, "0": -3.8650059700012207, "l": -0.8885124921798706, ")": -5.808503150939941, "4": -5.743598937988281, "*": -14.278202056884766, "7": -12.437668800354004, "z": -3.5653553009033203, "j": -4.5832319259643555, "+": -14.605731964111328, ".": 1.3332383632659912, "!": -0.23582051694393158, "p": -1.191252589225769, "{": -17.40656852722168, "8": -8.532636642456055, "?": -0.45627155900001526, "}": -17.039966583251953, ":": -0.6993420720100403, "y": 6.759243965148926, "v": -4.0928850173950195, "n": 1.940130352973938, "]": -0.09470710903406143, "k": -3.2423653602600098, "-": -0.3527314066886902, "q": -9.810273170471191, "b": -1.53169846534729, "h": -2.1686289310455322, "(": -9.762779235839844, "/": -5.842357158660889, "r": 2.5744621753692627, "\"": -1.3317538499832153, "d": -0.8005591630935669, "o": 2.7035045623779297, "[": -3.2420613765716553, "6": -12.473944664001465, "w": -0.7291508913040161, "a": 3.7050719261169434, "s": 1.8245090246200562, "f": -6.847647190093994, ",": 0.508897602558136, "x": -12.545540809631348, "c": -1.64179527759552, "1": -8.493799209594727, "\n": -1.2504268884658813, "3": -9.228110313415527, "'": -2.362659454345703, "9": -12.477609634399414, "~": -19.703845977783203, "`": -18.651960372924805}