{"t": -5.423567771911621, "i": 3.3416528701782227, "2": -32.259559631347656, " ": -1.0949324369430542, "%": -85.29357147216797, "5": -58.31236267089844, "_": -71.03577423095703, "g": -5.755847930908203, "e": 5.011956691741943, "m": -2.3656961917877197, "#": -104.41793823242188, "&": -86.52587890625, "$": -86.39033508300781, "u": -3.278886318206787, ";": -55.892662048339844, "0": -20.465213775634766, "l": -2.574378490447998, ")": -35.14360427856445, "4": -18.02427864074707, "*": -102.49128723144531, "7": -91.10086059570312, "z": -10.13430404663086, "j": -12.355952262878418, "+": -101.75302124023438, ".": -1.9562216997146606, "!": -1.441376805305481, "p": -6.949451923370361, "{": -69.23101043701172, "8": -16.64402198791504, "?": -5.529109001159668, "}": -53.93701171875, ":": -11.730428695678711, "y": 7.000433921813965, "v": -9.210209846496582, "n": 1.2413524389266968, "]": -6.770366191864014, "k": -8.097628593444824, "-": -4.351213455200195, "q": -24.86727523803711, "b": -7.249191761016846, "h": -3.6883482933044434, "(": -65.44573211669922, "/": -21.57378578186035, "r": -0.901387631893158, "\"": -7.897914409637451, "d": -4.76410436630249, "o": -0.23603615164756775, "[": -22.07880210876465, "6": -90.92929077148438, "w": -5.949107646942139, "a": 0.21539728343486786, "s": -1.6020195484161377, "f": -9.258259773254395, ",": -2.4615964889526367, "x": -94.3967514038086, "c": -3.593594551086426, "1": -22.483623504638672, "\n": -7.0933685302734375, "3": -37.18306350708008, "'": -5.058411121368408, "9": -69.11043548583984, "~": -48.266258239746094, "`": -47.24286651611328}