{"t": -4.705480098724365, "i": 3.9150540828704834, "2": -45.604400634765625, " ": -2.6451644897460938, "%": -88.03678894042969, "5": -81.83171844482422, "_": -87.34236145019531, "g": -8.945819854736328, "e": 5.030566692352295, "m": -4.6283183097839355, "#": -135.2401885986328, "&": -101.5053482055664, "$": -86.29754638671875, "u": -5.246389865875244, ";": -93.28642272949219, "0": -38.45782470703125, "l": -1.2995600700378418, ")": -47.92519760131836, "4": -16.45539093017578, "*": -122.67837524414062, "7": -94.38265228271484, "z": -17.839744567871094, "j": -23.04700469970703, "+": -107.55754089355469, ".": -3.4205973148345947, "!": -0.8059249520301819, "p": -7.827723979949951, "{": -89.35343933105469, "8": -21.451595306396484, "?": -6.687394618988037, "}": -64.83734893798828, ":": -18.26998519897461, "y": 7.289383411407471, "v": -13.635758399963379, "n": -0.20634543895721436, "]": -9.872679710388184, "k": -5.9527506828308105, "-": -6.025120258331299, "q": -28.880430221557617, "b": -7.156345367431641, "h": -2.4137511253356934, "(": -103.9111099243164, "/": -43.353946685791016, "r": -4.589540004730225, "\"": -9.707053184509277, "d": -5.558396816253662, "o": -1.4144389629364014, "[": -24.129968643188477, "6": -98.7508316040039, "w": -8.696256637573242, "a": 1.0065979957580566, "s": -2.3533153533935547, "f": -10.756389617919922, ",": -4.2958478927612305, "x": -106.10584259033203, "c": -4.592528820037842, "1": -33.04255676269531, "\n": -6.3031134605407715, "3": -56.25628662109375, "'": -9.706295013427734, "9": -77.01078796386719, "~": -44.627113342285156, "`": -43.62571334838867}