{"t": -1.6786233186721802, "i": 3.027334451675415, "2": -3.226961135864258, " ": 1.818952202796936, "%": -6.19501256942749, "5": -4.390784740447998, "_": -7.022417068481445, "g": -2.949671983718872, "e": 3.4898314476013184, "m": -0.37159237265586853, "#": -7.343653678894043, "&": -5.309563636779785, "$": -7.229072570800781, "u": 1.331051230430603, ";": -2.564046621322632, "0": -1.8687171936035156, "l": 0.9034896492958069, ")": -3.8280093669891357, "4": -2.7567191123962402, "*": -7.257708549499512, "7": -4.925276756286621, "z": -1.8652772903442383, "j": -2.6969354152679443, "+": -6.571322917938232, ".": 1.1472465991973877, "!": -0.15711359679698944, "p": -0.16379983723163605, "{": -8.289266586303711, "8": -4.559013843536377, "?": -0.08657678961753845, "}": -8.3334379196167, ":": -1.0924327373504639, "y": 2.7936317920684814, "v": -1.9073694944381714, "n": 1.1864352226257324, "]": -0.008459112606942654, "k": -3.3471198081970215, "-": 0.37609899044036865, "q": -3.526553153991699, "b": -0.41443443298339844, "h": -0.2826327085494995, "(": -6.387849807739258, "/": -3.0743250846862793, "r": 1.624197006225586, "\"": -0.48271363973617554, "d": -0.254059374332428, "o": 1.9224364757537842, "[": -4.996580600738525, "6": -4.444667339324951, "w": -0.1532907485961914, "a": 2.8154025077819824, "s": 1.3273769617080688, "f": -0.7063151597976685, ",": 0.6427100300788879, "x": -5.674108982086182, "c": -1.6746336221694946, "1": -3.842724561691284, "\n": -2.9876363277435303, "3": -4.6160197257995605, "'": -0.5602132081985474, "9": -5.302891731262207, "~": -8.422572135925293, "`": -7.881664276123047}