{"t": -5.4566731452941895, "i": 3.8001914024353027, "2": -43.99412536621094, " ": -2.8195977210998535, "%": -85.0989990234375, "5": -78.9177474975586, "_": -80.31327819824219, "g": -7.713987350463867, "e": 4.867891311645508, "m": -4.083525657653809, "#": -130.216552734375, "&": -93.47298431396484, "$": -82.32791900634766, "u": -4.765439033508301, ";": -86.88631439208984, "0": -36.21494674682617, "l": -0.9611402153968811, ")": -46.18013381958008, "4": -17.168882369995117, "*": -115.24140167236328, "7": -91.51515197753906, "z": -15.699811935424805, "j": -23.59048843383789, "+": -101.63721466064453, ".": -3.3389577865600586, "!": -1.2641658782958984, "p": -7.244749069213867, "{": -85.65489959716797, "8": -21.8140926361084, "?": -6.301000595092773, "}": -62.05603790283203, ":": -17.477828979492188, "y": 7.022029876708984, "v": -11.91253662109375, "n": -0.08760983496904373, "]": -8.738944053649902, "k": -6.837692737579346, "-": -5.365102767944336, "q": -29.403568267822266, "b": -6.761626720428467, "h": -2.1890032291412354, "(": -95.34207153320312, "/": -39.06113815307617, "r": -3.0338141918182373, "\"": -9.93419361114502, "d": -4.856211185455322, "o": -1.4137425422668457, "[": -25.81616973876953, "6": -94.8900375366211, "w": -8.31157398223877, "a": 0.43648943305015564, "s": -2.418330192565918, "f": -10.33553695678711, ",": -3.91837739944458, "x": -102.23615264892578, "c": -4.550620079040527, "1": -31.70488929748535, "\n": -6.347017765045166, "3": -54.35592269897461, "'": -8.938258171081543, "9": -75.61910247802734, "~": -43.10774230957031, "`": -42.3925895690918}