{"t": -5.847225666046143, "i": 3.2829880714416504, "2": -32.00642395019531, " ": -1.3050940036773682, "%": -81.14877319335938, "5": -57.437164306640625, "_": -66.41461181640625, "g": -5.481447219848633, "e": 4.771263599395752, "m": -2.593231201171875, "#": -108.74575805664062, "&": -83.57503509521484, "$": -83.72212219238281, "u": -3.1948673725128174, ";": -57.832908630371094, "0": -19.14293098449707, "l": -2.2325472831726074, ")": -34.44450378417969, "4": -17.3861026763916, "*": -103.47936248779297, "7": -88.33560943603516, "z": -11.296882629394531, "j": -13.984726905822754, "+": -95.28611755371094, ".": -2.10664701461792, "!": -1.5878580808639526, "p": -6.368363857269287, "{": -67.4130630493164, "8": -16.53086280822754, "?": -5.574280261993408, "}": -54.0098991394043, ":": -12.71372127532959, "y": 6.272709369659424, "v": -9.208325386047363, "n": 2.176558494567871, "]": -6.42011022567749, "k": -7.884517192840576, "-": -4.377894401550293, "q": -25.0513858795166, "b": -7.180901050567627, "h": -3.8960306644439697, "(": -71.32047271728516, "/": -21.38191795349121, "r": -1.175662875175476, "\"": -8.411503791809082, "d": -4.057919979095459, "o": -0.45968201756477356, "[": -23.961719512939453, "6": -91.95770263671875, "w": -6.7771172523498535, "a": 0.2399236261844635, "s": -1.8003817796707153, "f": -9.292899131774902, ",": -2.493943452835083, "x": -93.272705078125, "c": -3.4232568740844727, "1": -21.287914276123047, "\n": -7.245517730712891, "3": -37.49890899658203, "'": -5.1179656982421875, "9": -68.25872039794922, "~": -45.08652114868164, "`": -44.013885498046875}