{"t": -3.9619362354278564, "i": 4.001158237457275, "2": -52.88530731201172, " ": -3.206084966659546, "%": -79.95964813232422, "5": -79.48690032958984, "_": -90.57018280029297, "g": -10.157562255859375, "e": 5.272522449493408, "m": -5.525588512420654, "#": -117.65570068359375, "&": -102.73332977294922, "$": -80.70352172851562, "u": -5.165043354034424, ";": -94.26646423339844, "0": -39.35744857788086, "l": -1.5263413190841675, ")": -47.558311462402344, "4": -14.062410354614258, "*": -121.51009368896484, "7": -80.35639190673828, "z": -17.560964584350586, "j": -24.849393844604492, "+": -94.2632064819336, ".": -3.3670544624328613, "!": -0.9898418188095093, "p": -9.03354263305664, "{": -84.49414825439453, "8": -26.816455841064453, "?": -7.368763446807861, "}": -64.31483459472656, ":": -17.872488021850586, "y": 7.2484822273254395, "v": -13.151342391967773, "n": -0.8247623443603516, "]": -10.80233383178711, "k": -5.2606892585754395, "-": -6.254295349121094, "q": -21.665088653564453, "b": -6.893031597137451, "h": -2.760373592376709, "(": -90.73114776611328, "/": -51.340721130371094, "r": -4.464405536651611, "\"": -9.775203704833984, "d": -5.163740158081055, "o": -2.09538197517395, "[": -15.054374694824219, "6": -85.73775482177734, "w": -8.03968334197998, "a": 1.2524069547653198, "s": -3.1874618530273438, "f": -11.006845474243164, ",": -4.756087779998779, "x": -97.53141021728516, "c": -4.377166748046875, "1": -39.593204498291016, "\n": -6.260322093963623, "3": -61.01334762573242, "'": -11.137126922607422, "9": -74.23851776123047, "~": -41.189483642578125, "`": -40.536434173583984}