{"t": -5.781232833862305, "i": 3.490675449371338, "2": -35.09492111206055, " ": -2.2721121311187744, "%": -80.32952117919922, "5": -59.73646545410156, "_": -68.27761840820312, "g": -5.631944179534912, "e": 4.513075828552246, "m": -2.7149665355682373, "#": -113.30011749267578, "&": -83.53595733642578, "$": -81.38422393798828, "u": -3.7683117389678955, ";": -71.16943359375, "0": -25.36130714416504, "l": -1.4426463842391968, ")": -39.90915298461914, "4": -18.37286949157715, "*": -108.16568756103516, "7": -89.15613555908203, "z": -12.466755867004395, "j": -17.91366958618164, "+": -95.22726440429688, ".": -2.4682211875915527, "!": -1.129895806312561, "p": -6.175510883331299, "{": -75.6084213256836, "8": -17.066146850585938, "?": -6.462990760803223, "}": -60.47999954223633, ":": -15.157876968383789, "y": 6.374289512634277, "v": -10.056450843811035, "n": 1.5100340843200684, "]": -7.414915561676025, "k": -8.536832809448242, "-": -4.577110767364502, "q": -26.949268341064453, "b": -6.73375940322876, "h": -3.253141403198242, "(": -80.33393096923828, "/": -26.785146713256836, "r": -1.7465004920959473, "\"": -9.471543312072754, "d": -3.7545506954193115, "o": -0.9823477864265442, "[": -26.08074951171875, "6": -96.84711456298828, "w": -8.01841926574707, "a": 0.7442362308502197, "s": -1.7319796085357666, "f": -9.953250885009766, ",": -3.2222468852996826, "x": -95.1163558959961, "c": -3.561465263366699, "1": -22.2981014251709, "\n": -7.568908214569092, "3": -41.828224182128906, "'": -6.524360656738281, "9": -67.19464111328125, "~": -43.91902160644531, "`": -43.154029846191406}