{"t": -5.73145055770874, "i": 4.311582088470459, "2": -28.25345802307129, " ": -1.2508105039596558, "%": -89.0736083984375, "5": -55.62381362915039, "_": -68.00132751464844, "g": -3.8722481727600098, "e": 5.324665546417236, "m": -2.00024151802063, "#": -92.28945922851562, "&": -74.10911560058594, "$": -80.1848373413086, "u": -2.2777059078216553, ";": -43.73662185668945, "0": -20.780624389648438, "l": -2.99373459815979, ")": -31.094572067260742, "4": -17.659414291381836, "*": -86.2991714477539, "7": -84.24624633789062, "z": -8.68652057647705, "j": -10.207664489746094, "+": -98.19328308105469, ".": -2.0460336208343506, "!": -2.5157129764556885, "p": -6.366550922393799, "{": -64.74773406982422, "8": -19.009572982788086, "?": -5.5978240966796875, "}": -50.48737335205078, ":": -10.201375961303711, "y": 7.438060760498047, "v": -7.714606761932373, "n": 1.4577200412750244, "]": -6.51558256149292, "k": -7.342716217041016, "-": -4.176922798156738, "q": -22.432361602783203, "b": -6.637825965881348, "h": -3.0374257564544678, "(": -56.96281051635742, "/": -18.592578887939453, "r": 0.8105597496032715, "\"": -7.172267913818359, "d": -3.0424137115478516, "o": 0.9666730165481567, "[": -18.306507110595703, "6": -83.32347869873047, "w": -3.886077404022217, "a": 1.0976065397262573, "s": -1.8585935831069946, "f": -8.446490287780762, ",": -2.908909320831299, "x": -94.33500671386719, "c": -3.57261323928833, "1": -22.048471450805664, "\n": -7.522096633911133, "3": -32.252296447753906, "'": -3.4027798175811768, "9": -66.87264251708984, "~": -47.18461608886719, "`": -46.37423324584961}