{"f": 0.07674376666545868, "o": 0.008975277654826641, ",": 0.024064896628260612, "3": 0.0015739538939669728, "'": 0.07408545166254044, "r": -0.03806673362851143, "}": -0.03768013417720795, "j": -0.020555831491947174, "\\": 0.03597143292427063, "<": 0.007674593944102526, "(": 0.036119841039180756, ")": 0.03222068399190903, "w": 0.02877080999314785, ">": 0.03144810348749161, "8": -0.0073946136981248856, "k": 0.01809605583548546, "?": -0.03914522007107735, "g": 0.07748446613550186, ";": -0.03829656168818474, "5": -0.046222373843193054, "+": 0.026450131088495255, "_": -0.07410566508769989, "]": -0.014825897291302681, "a": 0.029268313199281693, ":": 0.06703383475542068, "-": -0.019197098910808563, "%": -0.040761787444353104, "*": 0.018240850418806076, "/": -0.040285222232341766, "u": 0.023431723937392235, "#": -0.011048637330532074, "\n": 0.00224214605987072, " ": -0.025247318670153618, "[": -0.061447251588106155, "e": -0.007552433293312788, "y": -0.008951288647949696, "2": -0.020693982020020485, "&": -0.02621140517294407, "\"": 0.031063871458172798, "d": -0.021909590810537338, "i": 0.013271579518914223, "m": 0.06062958762049675, "p": 0.07683666050434113, "@": 0.0042133089154958725, "v": 0.02928728424012661, "s": 0.02063494734466076, "x": -0.001476431847549975, "z": 0.001316359732300043, "7": 0.03940451890230179, "{": -0.01661604270339012, "n": -0.06816814839839935, "t": 0.05435839667916298, ".": 0.024275900796055794, "l": -0.04288427531719208, "\u00e1": 0.015852870419621468, "4": 0.022438375279307365, "q": 0.0310281403362751, "$": -0.025753218680620193, "\t": -0.004932781215757132, "c": 0.0016211675247177482, "b": 0.0024109804071485996, "6": -0.04053119197487831, "1": -0.01710006594657898, "!": -0.05367017537355423, "0": -0.007868996821343899, "h": -0.0452529713511467, "9": -0.0009417440742254257, "~": -0.07337129861116409, "`": 0.00796419009566307}