{":": 0.44017183780670166, "1": 0.4735063314437866, "-": 0.4529227614402771, "p": 0.5035776495933533, "3": 0.4494013488292694, "b": 0.44035428762435913, "<": 0.4606993794441223, "@": 0.4736452102661133, "y": 0.46737587451934814, "\"": 0.4838676452636719, "{": 0.49325984716415405, "z": 0.4829280972480774, "5": 0.4487159252166748, "[": 0.47005173563957214, "q": 0.4766828715801239, "i": 0.48056742548942566, "6": 0.4737221896648407, "+": 0.47638389468193054, "8": 0.44956886768341064, "k": 0.4765448272228241, "l": 0.4720647633075714, "_": 0.46890950202941895, "&": 0.4693238437175751, "!": 0.459106981754303, "s": 0.45322513580322266, "?": 0.46284621953964233, "(": 0.4657159447669983, "7": 0.4637817144393921, "*": 0.471813440322876, "d": 0.46923762559890747, ".": 0.4633842408657074, "x": 0.49507755041122437, "h": 0.47553443908691406, ",": 0.5314027667045593, "/": 0.48851871490478516, "e": 0.454649955034256, "j": 0.48451972007751465, ">": 0.47159990668296814, "%": 0.4728705883026123, " ": 0.4717812240123749, "'": 0.4521690607070923, "r": 0.5132626295089722, "4": 0.508039116859436, "t": 0.5021510720252991, "m": 0.5126132965087891, ";": 0.4683869481086731, "9": 0.4454491138458252, "$": 0.4947624206542969, "f": 0.515766978263855, "}": 0.4929819107055664, "a": 0.4860289692878723, "0": 0.4626636207103729, "c": 0.4339146316051483, "u": 0.5136483311653137, "o": 0.4563369154930115, "n": 0.4853338897228241, "2": 0.45588764548301697, "w": 0.49072855710983276, "]": 0.46460655331611633, "#": 0.5107818245887756, "\t": 0.44874387979507446, "|": 0.44951316714286804, ")": 0.4637795090675354, "v": 0.49570947885513306, "g": 0.48807820677757263, "\\": 0.4726409912109375, "`": 0.46909457445144653}