{"t": -5.787789344787598, "i": 4.404711723327637, "2": -34.01701736450195, " ": -2.779341220855713, "%": -81.86294555664062, "5": -62.567569732666016, "_": -64.81915283203125, "g": -6.03886604309082, "e": 4.9911980628967285, "m": -3.388693332672119, "#": -115.70767211914062, "&": -78.1470718383789, "$": -79.41020965576172, "u": -3.414245367050171, ";": -71.21977233886719, "0": -27.58538246154785, "l": -1.3228185176849365, ")": -42.44975662231445, "4": -19.18657112121582, "*": -110.19784545898438, "7": -91.71977996826172, "z": -12.970442771911621, "j": -19.203990936279297, "+": -93.38455963134766, ".": -3.0579192638397217, "!": -1.636451005935669, "p": -6.292571544647217, "{": -72.05046844482422, "8": -16.582529067993164, "?": -5.67549991607666, "}": -63.41066360473633, ":": -15.309536933898926, "y": 6.495950222015381, "v": -10.658087730407715, "n": 1.797080636024475, "]": -8.133755683898926, "k": -8.638081550598145, "-": -4.91091775894165, "q": -30.481815338134766, "b": -7.034231185913086, "h": -3.1612415313720703, "(": -91.20659637451172, "/": -24.842058181762695, "r": -2.86409592628479, "\"": -9.580140113830566, "d": -4.994712829589844, "o": -0.846782386302948, "[": -28.638172149658203, "6": -98.46009063720703, "w": -8.478435516357422, "a": 1.1393303871154785, "s": -2.0139591693878174, "f": -8.788898468017578, ",": -3.69935941696167, "x": -98.54183959960938, "c": -3.400113344192505, "1": -23.71366310119629, "\n": -7.33436918258667, "3": -45.02754211425781, "'": -7.141295909881592, "9": -68.5044937133789, "~": -43.921913146972656, "`": -43.20408248901367}