{"$": 0.01235189475119114, "(": 0.009658942930400372, "n": -0.024678632616996765, "5": 0.019716257229447365, "y": 0.03317297250032425, "2": -0.020234502851963043, "]": -0.007417767308652401, "7": 0.02578980103135109, "f": -0.002349987393245101, "-": -0.008643368259072304, "!": 0.03553899750113487, "s": -0.011501042172312737, "8": 0.014485291205346584, "#": 0.01923695020377636, "%": 0.01049418468028307, "c": 0.01649361476302147, "z": -0.029969219118356705, ";": -0.010050228796899319, "4": -0.008479129523038864, "{": -0.04156588390469551, "}": 0.013906633481383324, ",": -0.022165674716234207, "x": 0.018169768154621124, "t": 0.032617319375276566, "p": -0.011579075828194618, "j": -0.025227049365639687, "w": -0.03479360044002533, "0": 0.009167355485260487, "m": -0.027248091995716095, ".": 0.02235405705869198, "u": -0.007599568460136652, "b": 0.02145450748503208, ")": -0.024050386622548103, "3": 0.001196456141769886, "e": 0.003925351891666651, "h": -0.013234983198344707, " ": 0.015377486124634743, "d": -0.02856961078941822, "k": 0.015857763588428497, "/": 0.0023242272436618805, "_": 0.002807944780215621, "q": -0.030206870287656784, ":": -0.009167197160422802, "&": -0.004579239059239626, "o": 0.004243104252964258, "+": -0.04289513826370239, "a": -0.01279149204492569, "?": 0.0034631118178367615, "\n": -0.02642745152115822, "l": -0.016910776495933533, "v": -0.014846041798591614, "9": -0.0033130839001387358, "6": -0.02036576345562935, "i": 0.0189625546336174, "1": -0.02466798759996891, "'": 0.002870165277272463, "*": 0.024439673870801926, "\"": 0.013267130590975285, "g": -0.028139129281044006, "r": 0.04048556834459305, "[": 0.03555382415652275, "~": -0.005482330918312073, "`": -0.03374258801341057}