{":": 0.4899482727050781, "1": 0.48858991265296936, "-": 0.4838753342628479, "p": 0.5090209245681763, "3": 0.48115620017051697, "b": 0.47684112191200256, "<": 0.4926581084728241, "@": 0.5018776059150696, "y": 0.5063865780830383, "\"": 0.510291337966919, "{": 0.506081223487854, "z": 0.51642245054245, "5": 0.48936277627944946, "[": 0.492912620306015, "q": 0.5071479678153992, "i": 0.507430374622345, "6": 0.5069790482521057, "+": 0.49418917298316956, "8": 0.5023325085639954, "k": 0.502631664276123, "l": 0.5105271935462952, "_": 0.4942024350166321, "&": 0.49851763248443604, "!": 0.4985191822052002, "s": 0.4881035387516022, "?": 0.49055877327919006, "(": 0.5076797008514404, "7": 0.5060528516769409, "*": 0.5076185464859009, "d": 0.501187264919281, ".": 0.4814718961715698, "x": 0.5137282013893127, "h": 0.49055367708206177, ",": 0.5161804556846619, "/": 0.5159204006195068, "e": 0.4822785258293152, "j": 0.5002913475036621, ">": 0.5075428485870361, "%": 0.5126558542251587, " ": 0.49848705530166626, "'": 0.4828762412071228, "r": 0.5165627598762512, "4": 0.518841028213501, "t": 0.5131835341453552, "m": 0.5144062042236328, ";": 0.490986704826355, "9": 0.48829343914985657, "$": 0.4872841238975525, "f": 0.5198280215263367, "}": 0.49469998478889465, "a": 0.49818912148475647, "0": 0.48641833662986755, "c": 0.4860503077507019, "u": 0.5140107274055481, "o": 0.49149462580680847, "n": 0.5176861882209778, "2": 0.49592334032058716, "w": 0.504754364490509, "]": 0.48642536997795105, "#": 0.5179161429405212, "\t": 0.4978732168674469, "|": 0.4868430197238922, ")": 0.5064072608947754, "v": 0.5195986032485962, "g": 0.507895290851593, "\\": 0.48600804805755615, "`": 0.49323979020118713}