{"t": -4.026926517486572, "i": 4.172070503234863, "2": -22.864652633666992, " ": 0.1241317093372345, "%": -74.05735778808594, "5": -36.4400749206543, "_": -49.092018127441406, "g": -2.884317636489868, "e": 4.635901927947998, "m": -1.1668881177902222, "#": -57.31435012817383, "&": -49.568946838378906, "$": -62.63238525390625, "u": -0.21584364771842957, ";": -17.334653854370117, "0": -16.917469024658203, "l": -2.1495728492736816, ")": -14.618847846984863, "4": -11.52492618560791, "*": -48.070865631103516, "7": -57.7630500793457, "z": -6.257696628570557, "j": -7.624974727630615, "+": -70.92655181884766, ".": -1.6797443628311157, "!": -2.4104831218719482, "p": -4.8038458824157715, "{": -40.22941207885742, "8": -15.06663990020752, "?": -3.8375070095062256, "}": -39.14021682739258, ":": -6.89320182800293, "y": 7.878818511962891, "v": -6.360583305358887, "n": 0.6648673415184021, "]": -4.477673530578613, "k": -5.818633556365967, "-": -2.4677658081054688, "q": -19.66727638244629, "b": -4.171332836151123, "h": -2.5071041584014893, "(": -32.541343688964844, "/": -10.811957359313965, "r": 4.439509391784668, "\"": -5.651429653167725, "d": -0.8893268704414368, "o": 1.9499452114105225, "[": -12.952292442321777, "6": -50.22141647338867, "w": -0.5878081917762756, "a": 2.2706782817840576, "s": -0.493033766746521, "f": -5.559945583343506, ",": -2.41672420501709, "x": -58.93545913696289, "c": -3.1623497009277344, "1": -19.519439697265625, "\n": -5.482529163360596, "3": -22.347618103027344, "'": -1.1360245943069458, "9": -42.958763122558594, "~": -36.55630874633789, "`": -35.235904693603516}