{"t": -3.9126243591308594, "i": 3.969306707382202, "2": -48.43123245239258, " ": -2.7591724395751953, "%": -83.32462310791016, "5": -78.46571350097656, "_": -93.19900512695312, "g": -9.325979232788086, "e": 5.225111484527588, "m": -5.576719760894775, "#": -127.21219635009766, "&": -102.30482482910156, "$": -86.29539489746094, "u": -4.74534797668457, ";": -94.78636169433594, "0": -40.935951232910156, "l": -1.435569405555725, ")": -45.85527801513672, "4": -14.907346725463867, "*": -126.84944915771484, "7": -86.79102325439453, "z": -18.0469970703125, "j": -22.513126373291016, "+": -101.31031799316406, ".": -3.342106342315674, "!": -0.7812970280647278, "p": -9.080138206481934, "{": -90.08204650878906, "8": -23.148799896240234, "?": -7.016985893249512, "}": -64.91614532470703, ":": -17.587854385375977, "y": 7.3541951179504395, "v": -13.0860013961792, "n": -0.22058817744255066, "]": -10.594735145568848, "k": -5.6053547859191895, "-": -6.515911102294922, "q": -27.052038192749023, "b": -7.306329727172852, "h": -2.485762119293213, "(": -96.61397552490234, "/": -48.294490814208984, "r": -5.2079644203186035, "\"": -9.536320686340332, "d": -5.736177921295166, "o": -2.0662689208984375, "[": -16.719928741455078, "6": -91.7356948852539, "w": -7.81546688079834, "a": 1.1490265130996704, "s": -3.217460870742798, "f": -10.912114143371582, ",": -4.798008918762207, "x": -100.29056549072266, "c": -4.107017517089844, "1": -37.9383544921875, "\n": -6.287395000457764, "3": -56.29960632324219, "'": -9.771653175354004, "9": -73.8533706665039, "~": -43.09234619140625, "`": -42.37134552001953}