{"t": -6.2497172355651855, "i": 4.048421859741211, "2": -33.57730484008789, " ": -3.3448712825775146, "%": -82.73638916015625, "5": -66.77182006835938, "_": -68.23912811279297, "g": -6.4892659187316895, "e": 4.750019073486328, "m": -3.768616199493408, "#": -123.31292724609375, "&": -78.3434066772461, "$": -79.07267761230469, "u": -4.273611545562744, ";": -79.51338195800781, "0": -31.977380752563477, "l": -1.117211937904358, ")": -42.931358337402344, "4": -16.03675079345703, "*": -110.68696594238281, "7": -87.83112335205078, "z": -14.314224243164062, "j": -22.739116668701172, "+": -97.50369262695312, ".": -3.4600412845611572, "!": -1.4333382844924927, "p": -6.533208847045898, "{": -79.07292938232422, "8": -17.408838272094727, "?": -6.591163635253906, "}": -64.38936614990234, ":": -16.242877960205078, "y": 6.817866325378418, "v": -11.08273696899414, "n": 1.6029433012008667, "]": -8.759647369384766, "k": -7.598650932312012, "-": -5.710977554321289, "q": -31.428373336791992, "b": -6.623587608337402, "h": -2.2987940311431885, "(": -97.69386291503906, "/": -28.650035858154297, "r": -3.885004758834839, "\"": -10.353799819946289, "d": -4.791188716888428, "o": -1.329666256904602, "[": -25.677505493164062, "6": -94.11541748046875, "w": -8.847149848937988, "a": 1.2696894407272339, "s": -2.4993789196014404, "f": -9.407835960388184, ",": -3.756509780883789, "x": -104.32475280761719, "c": -3.9348695278167725, "1": -24.927471160888672, "\n": -7.357327461242676, "3": -45.62041473388672, "'": -7.865866184234619, "9": -65.6868896484375, "~": -43.86870193481445, "`": -43.22957992553711}