{"t": -3.623561382293701, "i": 4.840726852416992, "2": -11.496020317077637, " ": 3.6621100902557373, "%": -32.74070739746094, "5": -15.837371826171875, "_": -18.796451568603516, "g": -2.4708242416381836, "e": 5.155843734741211, "m": 0.6575915217399597, "#": -25.520198822021484, "&": -11.401100158691406, "$": -27.483566284179688, "u": 1.8979711532592773, ";": -6.110768795013428, "0": -6.267625331878662, "l": -0.5313112139701843, ")": -6.724193096160889, "4": -8.480009078979492, "*": -19.641124725341797, "7": -21.377185821533203, "z": -4.31693172454834, "j": -5.045292854309082, "+": -20.10333824157715, ".": 1.3060204982757568, "!": 0.03353027254343033, "p": -2.105747699737549, "{": -23.04388999938965, "8": -10.876568794250488, "?": 0.1347365379333496, "}": -20.923532485961914, ":": -1.6141438484191895, "y": 8.03895092010498, "v": -5.539532661437988, "n": 1.606205940246582, "]": -0.4141378700733185, "k": -3.0038907527923584, "-": -0.48841068148612976, "q": -13.096426010131836, "b": -2.484355926513672, "h": -1.9708482027053833, "(": -12.774323463439941, "/": -7.470541000366211, "r": 3.316225528717041, "\"": -1.9678925275802612, "d": -0.5379742980003357, "o": 2.53834867477417, "[": -5.381659507751465, "6": -19.275766372680664, "w": -2.681032419204712, "a": 3.679201364517212, "s": 1.927046775817871, "f": -6.899680137634277, ",": 0.5621926784515381, "x": -18.666488647460938, "c": -2.3247804641723633, "1": -12.514559745788574, "\n": -1.000473976135254, "3": -13.534331321716309, "'": -3.200702667236328, "9": -17.87454605102539, "~": -26.570201873779297, "`": -25.25440788269043}