{"t": -4.964302062988281, "i": 3.7457661628723145, "2": -35.59195327758789, " ": -2.361851930618286, "%": -80.46929931640625, "5": -65.39881896972656, "_": -72.29385375976562, "g": -6.557007312774658, "e": 4.775386333465576, "m": -3.1900322437286377, "#": -111.57676696777344, "&": -80.15388488769531, "$": -74.06900787353516, "u": -3.9126973152160645, ";": -72.53031921386719, "0": -30.571102142333984, "l": -1.2475364208221436, ")": -38.91033172607422, "4": -15.944783210754395, "*": -102.51763916015625, "7": -82.83919525146484, "z": -12.767760276794434, "j": -20.1209716796875, "+": -93.94511413574219, ".": -2.92253041267395, "!": -0.871347188949585, "p": -6.762698173522949, "{": -76.44283294677734, "8": -17.332841873168945, "?": -4.947850227355957, "}": -59.94462585449219, ":": -13.933006286621094, "y": 6.798238277435303, "v": -10.61154556274414, "n": 0.25937584042549133, "]": -7.883974552154541, "k": -6.835301876068115, "-": -4.858699321746826, "q": -27.678436279296875, "b": -6.87845516204834, "h": -2.965803861618042, "(": -84.83769226074219, "/": -30.914121627807617, "r": -2.1983606815338135, "\"": -8.922403335571289, "d": -4.981037616729736, "o": -0.574990451335907, "[": -25.351848602294922, "6": -86.2270278930664, "w": -7.376923561096191, "a": 0.7389469742774963, "s": -2.140728712081909, "f": -9.544271469116211, ",": -3.1972577571868896, "x": -94.598876953125, "c": -3.3047211170196533, "1": -25.986059188842773, "\n": -6.344216823577881, "3": -45.512420654296875, "'": -7.1787109375, "9": -67.37155151367188, "~": -42.95787811279297, "`": -42.20207977294922}