{"t": -5.416667938232422, "i": 4.082001686096191, "2": -31.23417091369629, " ": -0.7416817545890808, "%": -89.51509094238281, "5": -59.414161682128906, "_": -71.03512573242188, "g": -5.449009418487549, "e": 5.085252285003662, "m": -1.929504156112671, "#": -100.93766784667969, "&": -85.18281555175781, "$": -80.86840057373047, "u": -2.902071237564087, ";": -47.503170013427734, "0": -21.97788429260254, "l": -2.6228365898132324, ")": -32.77393341064453, "4": -17.078556060791016, "*": -93.63813018798828, "7": -86.60283660888672, "z": -9.418320655822754, "j": -11.290184020996094, "+": -102.22367095947266, ".": -2.104703426361084, "!": -1.7109590768814087, "p": -7.128742218017578, "{": -69.43415832519531, "8": -17.36640739440918, "?": -5.108232498168945, "}": -51.9432373046875, ":": -10.32006549835205, "y": 7.5648369789123535, "v": -8.916525840759277, "n": 0.7916365265846252, "]": -6.769339084625244, "k": -7.372961521148682, "-": -4.336524486541748, "q": -23.04991340637207, "b": -7.263321399688721, "h": -3.47310471534729, "(": -63.473079681396484, "/": -19.830060958862305, "r": -0.24864168465137482, "\"": -7.468878269195557, "d": -4.322108268737793, "o": 0.2536301016807556, "[": -21.842578887939453, "6": -86.8707046508789, "w": -5.0655107498168945, "a": 0.5012115836143494, "s": -1.4713340997695923, "f": -8.34923267364502, ",": -2.5549733638763428, "x": -93.5638427734375, "c": -3.67704176902771, "1": -23.95493507385254, "\n": -7.260502815246582, "3": -34.9766845703125, "'": -3.9214255809783936, "9": -69.00234985351562, "~": -48.69953536987305, "`": -47.605899810791016}