{"t": -4.027273178100586, "i": 3.0589237213134766, "2": -19.253482818603516, " ": 1.6435034275054932, "%": -60.483089447021484, "5": -26.58046531677246, "_": -33.9072380065918, "g": -3.846588611602783, "e": 3.731431245803833, "m": -0.5102421045303345, "#": -39.82435607910156, "&": -25.741683959960938, "$": -51.35226821899414, "u": 0.30752748250961304, ";": -9.961437225341797, "0": -11.852948188781738, "l": -1.4350175857543945, ")": -9.881759643554688, "4": -9.043850898742676, "*": -29.922191619873047, "7": -39.85953140258789, "z": -5.526134967803955, "j": -5.967128276824951, "+": -46.94651794433594, ".": -0.1807073950767517, "!": -1.3633193969726562, "p": -4.1463189125061035, "{": -30.174028396606445, "8": -11.926441192626953, "?": -2.2178916931152344, "}": -28.645343780517578, ":": -4.775415897369385, "y": 9.002603530883789, "v": -5.2284040451049805, "n": 1.1684892177581787, "]": -2.605117082595825, "k": -4.042300224304199, "-": -2.4035820960998535, "q": -13.509797096252441, "b": -3.103299617767334, "h": -3.879981517791748, "(": -19.44481086730957, "/": -5.921149253845215, "r": 3.508924722671509, "\"": -3.071406126022339, "d": -0.989072322845459, "o": 1.8793437480926514, "[": -9.854480743408203, "6": -32.76118469238281, "w": -0.9158646464347839, "a": 2.143437623977661, "s": 1.4682586193084717, "f": -4.712840557098389, ",": -1.1076226234436035, "x": -28.07088851928711, "c": -2.9271650314331055, "1": -15.625306129455566, "\n": -3.854923963546753, "3": -15.318918228149414, "'": -1.7969282865524292, "9": -29.528263092041016, "~": -33.609825134277344, "`": -31.777441024780273}