{"t": -4.589094161987305, "i": 4.1167097091674805, "2": -24.675886154174805, " ": -1.0350052118301392, "%": -80.20376586914062, "5": -40.44454574584961, "_": -57.32197189331055, "g": -2.780663251876831, "e": 4.825440406799316, "m": -1.2338138818740845, "#": -71.88540649414062, "&": -62.079750061035156, "$": -69.16084289550781, "u": -0.5766235589981079, ";": -25.167436599731445, "0": -16.92430877685547, "l": -2.902186632156372, ")": -20.484512329101562, "4": -13.330833435058594, "*": -62.0421257019043, "7": -64.42051696777344, "z": -7.187767028808594, "j": -8.821568489074707, "+": -88.12007141113281, ".": -1.8699668645858765, "!": -2.9133291244506836, "p": -5.186306476593018, "{": -49.25223159790039, "8": -16.671157836914062, "?": -5.191136360168457, "}": -45.30083084106445, ":": -8.136751174926758, "y": 8.198376655578613, "v": -6.787128448486328, "n": 0.7354539632797241, "]": -5.543483257293701, "k": -6.216063022613525, "-": -3.518643379211426, "q": -21.122400283813477, "b": -4.88628625869751, "h": -2.681605100631714, "(": -41.752464294433594, "/": -12.608851432800293, "r": 3.6965396404266357, "\"": -6.9488606452941895, "d": -0.6778184771537781, "o": 1.6257175207138062, "[": -14.47842025756836, "6": -59.84730529785156, "w": -1.3213165998458862, "a": 2.2344319820404053, "s": -0.3517757058143616, "f": -6.547901153564453, ",": -3.1000216007232666, "x": -74.53504943847656, "c": -4.043349742889404, "1": -20.23306655883789, "\n": -6.68685245513916, "3": -26.152589797973633, "'": -1.1643437147140503, "9": -49.91993713378906, "~": -41.25419998168945, "`": -40.368492126464844}